,l,r,filter_para_l,filter_para_r,oll,olr
0,,,0.2,0.5,[],[]
1,1.025,0.995,0.2,0.5,[1.025],[0.995]
2,1.02,0.99,0.2,0.5,[1.025 1.015],[0.995 0.985]
3,1.0183333333333333,0.9883333333333333,0.2,0.5,[1.025 1.015 1.015],[0.995 0.985 0.985]
4,1.02,0.985,0.2,0.5,[1.025 1.015 1.015 1.025],[0.995 0.985 0.985 0.975]
5,1.0210000000000001,0.9810000000000001,0.2,0.5,[1.025 1.015 1.015 1.025 1.025],[0.995 0.985 0.985 0.975 0.965]
6,1.0250000000000001,0.98,0.2,0.5,[1.025 1.015 1.015 1.025 1.025 1.045],[0.995 0.985 0.985 0.975 0.965 0.975]
7,1.0264285714285715,0.9792857142857142,0.2,0.5,[1.025 1.015 1.015 1.025 1.025 1.045 1.035],[0.995 0.985 0.985 0.975 0.965 0.975 0.975]
8,1.03,0.98,0.2,0.5,[1.025 1.015 1.015 1.025 1.025 1.045 1.035 1.055],[0.995 0.985 0.985 0.975 0.965 0.975 0.975 0.985]
9,1.0305555555555557,0.9794444444444443,0.2,0.5,[1.025 1.015 1.015 1.025 1.025 1.045 1.035 1.055 1.035],[0.995 0.985 0.985 0.975 0.965 0.975 0.975 0.985 0.975]
10,1.033,0.9789999999999999,0.2,0.5,[1.025 1.015 1.015 1.025 1.025 1.045 1.035 1.055 1.035 1.055],[0.995 0.985 0.985 0.975 0.965 0.975 0.975 0.985 0.975 0.975]
11,1.035,0.9786363636363635,1.1,1.1,[1.025 1.015 1.015 1.025 1.025 1.045 1.035 1.055 1.035 1.055 1.055],[0.995 0.985 0.985 0.975 0.965 0.975 0.975 0.985 0.975 0.975 0.975]
12,0.94875,0.8970833333333332,0.2,0.5,[1.025 1.015 1.015 1.025 1.025 1.045 1.035 1.055 1.035 1.055 1.055 0.   ],[0.995 0.985 0.985 0.975 0.965 0.975 0.975 0.985 0.975 0.975 0.975 0.   ]
13,0.9561538461538461,0.9038461538461537,0.2,0.5,"[1.025 1.015 1.015 1.025 1.025 1.045 1.035 1.055 1.035 1.055 1.055 0.
 1.045]","[0.995 0.985 0.985 0.975 0.965 0.975 0.975 0.985 0.975 0.975 0.975 0.
 0.985]"
14,0.9617857142857142,0.9089285714285713,0.2,0.5,"[1.025 1.015 1.015 1.025 1.025 1.045 1.035 1.055 1.035 1.055 1.055 0.
 1.045 1.035]","[0.995 0.985 0.985 0.975 0.965 0.975 0.975 0.985 0.975 0.975 0.975 0.
 0.985 0.975]"
15,0.966,0.9139999999999998,0.2,0.5,"[1.025 1.015 1.015 1.025 1.025 1.045 1.035 1.055 1.035 1.055 1.055 0.
 1.045 1.035 1.025]","[0.995 0.985 0.985 0.975 0.965 0.975 0.975 0.985 0.975 0.975 0.975 0.
 0.985 0.975 0.985]"
16,0.9709374999999998,0.9184375,0.2,0.5,"[1.025 1.015 1.015 1.025 1.025 1.045 1.035 1.055 1.035 1.055 1.055 0.
 1.045 1.035 1.025 1.045]","[0.995 0.985 0.985 0.975 0.965 0.975 0.975 0.985 0.975 0.975 0.975 0.
 0.985 0.975 0.985 0.985]"
17,0.974705882352941,0.9223529411764706,0.2,0.5,"[1.025 1.015 1.015 1.025 1.025 1.045 1.035 1.055 1.035 1.055 1.055 0.
 1.045 1.035 1.025 1.045 1.035]","[0.995 0.985 0.985 0.975 0.965 0.975 0.975 0.985 0.975 0.975 0.975 0.
 0.985 0.975 0.985 0.985 0.985]"
18,0.9769444444444443,0.9258333333333333,0.2,0.5,"[1.025 1.015 1.015 1.025 1.025 1.045 1.035 1.055 1.035 1.055 1.055 0.
 1.045 1.035 1.025 1.045 1.035 1.015]","[0.995 0.985 0.985 0.975 0.965 0.975 0.975 0.985 0.975 0.975 0.975 0.
 0.985 0.975 0.985 0.985 0.985 0.985]"
19,0.9805263157894735,0.9289473684210525,0.2,0.5,"[1.025 1.015 1.015 1.025 1.025 1.045 1.035 1.055 1.035 1.055 1.055 0.
 1.045 1.035 1.025 1.045 1.035 1.015 1.045]","[0.995 0.985 0.985 0.975 0.965 0.975 0.975 0.985 0.975 0.975 0.975 0.
 0.985 0.975 0.985 0.985 0.985 0.985 0.985]"
20,0.9832499999999997,0.9317499999999999,0.2,0.5,"[1.025 1.015 1.015 1.025 1.025 1.045 1.035 1.055 1.035 1.055 1.055 0.
 1.045 1.035 1.025 1.045 1.035 1.015 1.045 1.035]","[0.995 0.985 0.985 0.975 0.965 0.975 0.975 0.985 0.975 0.975 0.975 0.
 0.985 0.975 0.985 0.985 0.985 0.985 0.985 0.985]"
21,0.987142857142857,0.9342857142857142,0.2,0.5,"[1.025 1.015 1.015 1.025 1.025 1.045 1.035 1.055 1.035 1.055 1.055 0.
 1.045 1.035 1.025 1.045 1.035 1.015 1.045 1.035 1.065]","[0.995 0.985 0.985 0.975 0.965 0.975 0.975 0.985 0.975 0.975 0.975 0.
 0.985 0.975 0.985 0.985 0.985 0.985 0.985 0.985 0.985]"
22,0.9899518991194813,0.9366122832674201,0.2,0.5,"[1.025 1.015 1.015 1.025 1.025 1.045 1.035 1.055 1.035 1.055 1.055 0.
 1.045 1.035 1.025 1.045 1.035 1.015 1.045 1.035 1.065 1.045]","[0.995 0.985 0.985 0.975 0.965 0.975 0.975 0.985 0.975 0.975 0.975 0.
 0.985 0.975 0.985 0.985 0.985 0.985 0.985 0.985 0.985 0.985]"
23,0.9951610042873492,0.9406445790782184,0.2,0.5,"[1.025 1.015 1.015 1.025 1.025 1.045 1.035 1.055 1.035 1.055 1.055 0.
 1.045 1.035 1.025 1.045 1.035 1.015 1.045 1.035 1.065 1.045 1.055]","[0.995 0.985 0.985 0.975 0.965 0.975 0.975 0.985 0.975 0.975 0.975 0.
 0.985 0.975 0.985 0.985 0.985 0.985 0.985 0.985 0.985 0.985 0.985]"
24,0.9959523396102187,0.9406445703034461,0.2,0.5,"[1.025 1.015 1.015 1.025 1.025 1.045 1.035 1.055 1.035 1.055 1.055 0.
 1.045 1.035 1.025 1.045 1.035 1.015 1.045 1.035 1.065 1.045 1.055 1.075]","[0.995 0.985 0.985 0.975 0.965 0.975 0.975 0.985 0.975 0.975 0.975 0.
 0.985 0.975 0.985 0.985 0.985 0.985 0.985 0.985 0.985 0.985 0.985 0.985]"
25,1.0022514834907776,0.9447746140787993,0.2,0.5,"[1.025 1.015 1.015 1.025 1.025 1.045 1.035 1.055 1.035 1.055 1.055 0.
 1.045 1.035 1.025 1.045 1.035 1.015 1.045 1.035 1.065 1.045 1.055 1.075
 1.075]","[0.995 0.985 0.985 0.975 0.965 0.975 0.975 0.985 0.975 0.975 0.975 0.
 0.985 0.975 0.985 0.985 0.985 0.985 0.985 0.985 0.985 0.985 0.985 0.985
 0.995]"
26,1.0012404841460805,0.9448257572031807,0.2,0.5,"[1.025 1.015 1.015 1.025 1.025 1.045 1.035 1.055 1.035 1.055 1.055 0.
 1.045 1.035 1.025 1.045 1.035 1.015 1.045 1.035 1.065 1.045 1.055 1.075
 1.075 1.045]","[0.995 0.985 0.985 0.975 0.965 0.975 0.975 0.985 0.975 0.975 0.975 0.
 0.985 0.975 0.985 0.985 0.985 0.985 0.985 0.985 0.985 0.985 0.985 0.985
 0.995 0.995]"
27,1.0027417902593665,0.9484084171084729,0.2,0.5,"[1.025 1.015 1.015 1.025 1.025 1.045 1.035 1.055 1.035 1.055 1.055 0.
 1.045 1.035 1.025 1.045 1.035 1.015 1.045 1.035 1.065 1.045 1.055 1.075
 1.075 1.045 1.025]","[0.995 0.985 0.985 0.975 0.965 0.975 0.975 0.985 0.975 0.975 0.975 0.
 0.985 0.975 0.985 0.985 0.985 0.985 0.985 0.985 0.985 0.985 0.985 0.985
 0.995 0.995 0.995]"
28,1.002964116026518,0.948098939600879,0.2,0.5,"[1.025 1.015 1.015 1.025 1.025 1.045 1.035 1.055 1.035 1.055 1.055 0.
 1.045 1.035 1.025 1.045 1.035 1.015 1.045 1.035 1.065 1.045 1.055 1.075
 1.075 1.045 1.025 1.035]","[0.995 0.985 0.985 0.975 0.965 0.975 0.975 0.985 0.975 0.975 0.975 0.
 0.985 0.975 0.985 0.985 0.985 0.985 0.985 0.985 0.985 0.985 0.985 0.985
 0.995 0.995 0.995 0.985]"
29,1.0052613940096429,0.9498685349091228,0.2,0.5,"[1.025 1.015 1.015 1.025 1.025 1.045 1.035 1.055 1.035 1.055 1.055 0.
 1.045 1.035 1.025 1.045 1.035 1.015 1.045 1.035 1.065 1.045 1.055 1.075
 1.075 1.045 1.025 1.035 1.035]","[0.995 0.985 0.985 0.975 0.965 0.975 0.975 0.985 0.975 0.975 0.975 0.
 0.985 0.975 0.985 0.985 0.985 0.985 0.985 0.985 0.985 0.985 0.985 0.985
 0.995 0.995 0.995 0.985 0.975]"
30,2.028808617297283,1.9124535906851903,0.2,0.5,"[1.065 1.085 1.085 1.065 1.105 1.085 1.125 1.165 1.275 1.365 1.445 1.505
 1.615 1.755 1.825 1.915 2.035 2.175 2.285 2.375 2.465 2.615 2.775 2.865
 3.055 3.175 3.275 3.365 3.425 3.505]","[0.965 0.975 0.995 0.985 0.985 1.005 1.025 1.065 1.145 1.235 1.305 1.395
 1.475 1.605 1.725 1.845 1.955 2.125 2.245 2.355 2.435 2.595 2.655 2.725
 2.825 2.915 3.095 3.185 3.235 3.305]"
31,2.1136842915743985,1.9943614856296257,1.1,1.1,"[1.085 1.085 1.065 1.105 1.085 1.125 1.165 1.275 1.365 1.445 1.505 1.615
 1.755 1.825 1.915 2.035 2.175 2.285 2.375 2.465 2.615 2.775 2.865 3.055
 3.175 3.275 3.365 3.425 3.505 3.615]","[0.975 0.995 0.985 0.985 1.005 1.025 1.065 1.145 1.235 1.305 1.395 1.475
 1.605 1.725 1.845 1.955 2.125 2.245 2.355 2.435 2.595 2.655 2.725 2.825
 2.915 3.095 3.185 3.235 3.305 3.435]"
32,2.1984776310555936,2.079232042677594,0.2,0.5,"[1.085 1.065 1.105 1.085 1.125 1.165 1.275 1.365 1.445 1.505 1.615 1.755
 1.825 1.915 2.035 2.175 2.285 2.375 2.465 2.615 2.775 2.865 3.055 3.175
 3.275 3.365 3.425 3.505 3.615 3.615]","[0.995 0.985 0.985 1.005 1.025 1.065 1.145 1.235 1.305 1.395 1.475 1.605
 1.725 1.845 1.955 2.125 2.245 2.355 2.435 2.595 2.655 2.725 2.825 2.915
 3.095 3.185 3.235 3.305 3.435 3.505]"
33,2.2827116129919176,2.164728206657209,1.1,1.1,"[1.065 1.105 1.085 1.125 1.165 1.275 1.365 1.445 1.505 1.615 1.755 1.825
 1.915 2.035 2.175 2.285 2.375 2.465 2.615 2.775 2.865 3.055 3.175 3.275
 3.365 3.425 3.505 3.615 3.615 3.615]","[0.985 0.985 1.005 1.025 1.065 1.145 1.235 1.305 1.395 1.475 1.605 1.725
 1.845 1.955 2.125 2.245 2.355 2.435 2.595 2.655 2.725 2.825 2.915 3.095
 3.185 3.235 3.305 3.435 3.505 3.555]"
34,2.3703106256143083,2.2512826072024086,0.2,0.5,"[1.105 1.085 1.125 1.165 1.275 1.365 1.445 1.505 1.615 1.755 1.825 1.915
 2.035 2.175 2.285 2.375 2.465 2.615 2.775 2.865 3.055 3.175 3.275 3.365
 3.425 3.505 3.615 3.615 3.615 3.695]","[0.985 1.005 1.025 1.065 1.145 1.235 1.305 1.395 1.475 1.605 1.725 1.845
 1.955 2.125 2.245 2.355 2.435 2.595 2.655 2.725 2.825 2.915 3.095 3.185
 3.235 3.305 3.435 3.505 3.555 3.585]"
35,2.457563816102822,2.338687939975761,0.2,0.5,"[1.085 1.125 1.165 1.275 1.365 1.445 1.505 1.615 1.755 1.825 1.915 2.035
 2.175 2.285 2.375 2.465 2.615 2.775 2.865 3.055 3.175 3.275 3.365 3.425
 3.505 3.615 3.615 3.615 3.695 3.725]","[1.005 1.025 1.065 1.145 1.235 1.305 1.395 1.475 1.605 1.725 1.845 1.955
 2.125 2.245 2.355 2.435 2.595 2.655 2.725 2.825 2.915 3.095 3.185 3.235
 3.305 3.435 3.505 3.555 3.585 3.605]"
36,2.5447892986274767,2.4250624028337198,0.2,0.5,"[1.125 1.165 1.275 1.365 1.445 1.505 1.615 1.755 1.825 1.915 2.035 2.175
 2.285 2.375 2.465 2.615 2.775 2.865 3.055 3.175 3.275 3.365 3.425 3.505
 3.615 3.615 3.615 3.695 3.725 3.695]","[1.025 1.065 1.145 1.235 1.305 1.395 1.475 1.605 1.725 1.845 1.955 2.125
 2.245 2.355 2.435 2.595 2.655 2.725 2.825 2.915 3.095 3.185 3.235 3.305
 3.435 3.505 3.555 3.585 3.605 3.595]"
37,2.6299802135984853,2.5104978998010044,0.2,0.5,"[1.165 1.275 1.365 1.445 1.505 1.615 1.755 1.825 1.915 2.035 2.175 2.285
 2.375 2.465 2.615 2.775 2.865 3.055 3.175 3.275 3.365 3.425 3.505 3.615
 3.615 3.615 3.695 3.725 3.695 3.685]","[1.065 1.145 1.235 1.305 1.395 1.475 1.605 1.725 1.845 1.955 2.125 2.245
 2.355 2.435 2.595 2.655 2.725 2.825 2.915 3.095 3.185 3.235 3.305 3.435
 3.505 3.555 3.585 3.605 3.595 3.595]"
38,2.712634050121548,2.5944212415459047,0.2,1.1,"[1.275 1.365 1.445 1.505 1.615 1.755 1.825 1.915 2.035 2.175 2.285 2.375
 2.465 2.615 2.775 2.865 3.055 3.175 3.275 3.365 3.425 3.505 3.615 3.615
 3.615 3.695 3.725 3.695 3.685 3.645]","[1.145 1.235 1.305 1.395 1.475 1.605 1.725 1.845 1.955 2.125 2.245 2.355
 2.435 2.595 2.655 2.725 2.825 2.915 3.095 3.185 3.235 3.305 3.435 3.505
 3.555 3.585 3.605 3.595 3.595 3.585]"
39,2.7909911846659736,2.675516693237496,0.2,0.5,"[1.365 1.445 1.505 1.615 1.755 1.825 1.915 2.035 2.175 2.285 2.375 2.465
 2.615 2.775 2.865 3.055 3.175 3.275 3.365 3.425 3.505 3.615 3.615 3.615
 3.695 3.725 3.695 3.685 3.645 3.625]","[1.235 1.305 1.395 1.475 1.605 1.725 1.845 1.955 2.125 2.245 2.355 2.435
 2.595 2.655 2.725 2.825 2.915 3.095 3.185 3.235 3.305 3.435 3.505 3.555
 3.585 3.605 3.595 3.595 3.585 3.575]"
40,2.86598675359898,2.7535048997545357,0.2,0.5,"[1.445 1.505 1.615 1.755 1.825 1.915 2.035 2.175 2.285 2.375 2.465 2.615
 2.775 2.865 3.055 3.175 3.275 3.365 3.425 3.505 3.615 3.615 3.615 3.695
 3.725 3.695 3.685 3.645 3.625 3.615]","[1.305 1.395 1.475 1.605 1.725 1.845 1.955 2.125 2.245 2.355 2.435 2.595
 2.655 2.725 2.825 2.915 3.095 3.185 3.235 3.305 3.435 3.505 3.555 3.585
 3.605 3.595 3.595 3.585 3.575 3.575]"
41,2.938491081145757,2.829181263909912,0.2,0.5,"[1.505 1.615 1.755 1.825 1.915 2.035 2.175 2.285 2.375 2.465 2.615 2.775
 2.865 3.055 3.175 3.275 3.365 3.425 3.505 3.615 3.615 3.615 3.695 3.725
 3.695 3.685 3.645 3.625 3.615 3.625]","[1.395 1.475 1.605 1.725 1.845 1.955 2.125 2.245 2.355 2.435 2.595 2.655
 2.725 2.825 2.915 3.095 3.185 3.235 3.305 3.435 3.505 3.555 3.585 3.605
 3.595 3.595 3.585 3.575 3.575 3.575]"
42,3.0092186124099074,2.9018015484621826,0.2,0.5,"[1.615 1.755 1.825 1.915 2.035 2.175 2.285 2.375 2.465 2.615 2.775 2.865
 3.055 3.175 3.275 3.365 3.425 3.505 3.615 3.615 3.615 3.695 3.725 3.695
 3.685 3.645 3.625 3.615 3.625 3.625]","[1.475 1.605 1.725 1.845 1.955 2.125 2.245 2.355 2.435 2.595 2.655 2.725
 2.825 2.915 3.095 3.185 3.235 3.305 3.435 3.505 3.555 3.585 3.605 3.595
 3.595 3.585 3.575 3.575 3.575 3.575]"
43,3.076003913540315,2.9721099491730105,0.2,0.5,"[1.755 1.825 1.915 2.035 2.175 2.285 2.375 2.465 2.615 2.775 2.865 3.055
 3.175 3.275 3.365 3.425 3.505 3.615 3.615 3.615 3.695 3.725 3.695 3.685
 3.645 3.625 3.615 3.625 3.625 3.615]","[1.605 1.725 1.845 1.955 2.125 2.245 2.355 2.435 2.595 2.655 2.725 2.825
 2.915 3.095 3.185 3.235 3.305 3.435 3.505 3.555 3.585 3.605 3.595 3.595
 3.585 3.575 3.575 3.575 3.575 3.585]"
44,3.1379164759797633,3.0381956884078813,0.2,0.5,"[1.825 1.915 2.035 2.175 2.285 2.375 2.465 2.615 2.775 2.865 3.055 3.175
 3.275 3.365 3.425 3.505 3.615 3.615 3.615 3.695 3.725 3.695 3.685 3.645
 3.625 3.615 3.625 3.625 3.615 3.615]","[1.725 1.845 1.955 2.125 2.245 2.355 2.435 2.595 2.655 2.725 2.825 2.915
 3.095 3.185 3.235 3.305 3.435 3.505 3.555 3.585 3.605 3.595 3.595 3.585
 3.575 3.575 3.575 3.575 3.585 3.585]"
45,3.1975433166249845,3.1001313742087904,0.2,0.5,"[1.915 2.035 2.175 2.285 2.375 2.465 2.615 2.775 2.865 3.055 3.175 3.275
 3.365 3.425 3.505 3.615 3.615 3.615 3.695 3.725 3.695 3.685 3.645 3.625
 3.615 3.625 3.625 3.615 3.615 3.615]","[1.845 1.955 2.125 2.245 2.355 2.435 2.595 2.655 2.725 2.825 2.915 3.095
 3.185 3.235 3.305 3.435 3.505 3.555 3.585 3.605 3.595 3.595 3.585 3.575
 3.575 3.575 3.575 3.585 3.585 3.585]"
46,3.2542269771179253,3.1580271318694515,0.2,0.5,"[2.035 2.175 2.285 2.375 2.465 2.615 2.775 2.865 3.055 3.175 3.275 3.365
 3.425 3.505 3.615 3.615 3.615 3.695 3.725 3.695 3.685 3.645 3.625 3.615
 3.625 3.625 3.615 3.615 3.615 3.615]","[1.955 2.125 2.245 2.355 2.435 2.595 2.655 2.725 2.825 2.915 3.095 3.185
 3.235 3.305 3.435 3.505 3.555 3.585 3.605 3.595 3.595 3.585 3.575 3.575
 3.575 3.575 3.585 3.585 3.585 3.585]"
47,3.3072038507171686,3.2124472597734153,0.2,0.5,"[2.175 2.285 2.375 2.465 2.615 2.775 2.865 3.055 3.175 3.275 3.365 3.425
 3.505 3.615 3.615 3.615 3.695 3.725 3.695 3.685 3.645 3.625 3.615 3.625
 3.625 3.615 3.615 3.615 3.615 3.625]","[2.125 2.245 2.355 2.435 2.595 2.655 2.725 2.825 2.915 3.095 3.185 3.235
 3.305 3.435 3.505 3.555 3.585 3.605 3.595 3.595 3.585 3.575 3.575 3.575
 3.575 3.585 3.585 3.585 3.585 3.585]"
48,3.355013019963791,3.2611941621386573,0.2,0.5,"[2.285 2.375 2.465 2.615 2.775 2.865 3.055 3.175 3.275 3.365 3.425 3.505
 3.615 3.615 3.615 3.695 3.725 3.695 3.685 3.645 3.625 3.615 3.625 3.625
 3.615 3.615 3.615 3.615 3.625 3.605]","[2.245 2.355 2.435 2.595 2.655 2.725 2.825 2.915 3.095 3.185 3.235 3.305
 3.435 3.505 3.555 3.585 3.605 3.595 3.595 3.585 3.575 3.575 3.575 3.575
 3.585 3.585 3.585 3.585 3.585 3.585]"
49,3.39919315485974,3.3061221832254533,0.2,0.5,"[2.375 2.465 2.615 2.775 2.865 3.055 3.175 3.275 3.365 3.425 3.505 3.615
 3.615 3.615 3.695 3.725 3.695 3.685 3.645 3.625 3.615 3.625 3.625 3.615
 3.615 3.615 3.615 3.625 3.605 3.615]","[2.355 2.435 2.595 2.655 2.725 2.825 2.915 3.095 3.185 3.235 3.305 3.435
 3.505 3.555 3.585 3.605 3.595 3.595 3.585 3.575 3.575 3.575 3.575 3.585
 3.585 3.585 3.585 3.585 3.585 3.595]"
50,3.442108666251714,3.3470729084947184,0.2,0.5,"[2.465 2.615 2.775 2.865 3.055 3.175 3.275 3.365 3.425 3.505 3.615 3.615
 3.615 3.695 3.725 3.695 3.685 3.645 3.625 3.615 3.625 3.625 3.615 3.615
 3.615 3.615 3.625 3.605 3.615 3.665]","[2.435 2.595 2.655 2.725 2.825 2.915 3.095 3.185 3.235 3.305 3.435 3.505
 3.555 3.585 3.605 3.595 3.595 3.585 3.575 3.575 3.575 3.575 3.585 3.585
 3.585 3.585 3.585 3.585 3.595 3.585]"
51,3.481657507597792,3.3861475379996984,0.2,0.5,"[2.615 2.775 2.865 3.055 3.175 3.275 3.365 3.425 3.505 3.615 3.615 3.615
 3.695 3.725 3.695 3.685 3.645 3.625 3.615 3.625 3.625 3.615 3.615 3.615
 3.615 3.625 3.605 3.615 3.665 3.645]","[2.595 2.655 2.725 2.825 2.915 3.095 3.185 3.235 3.305 3.435 3.505 3.555
 3.585 3.605 3.595 3.595 3.585 3.575 3.575 3.575 3.575 3.585 3.585 3.585
 3.585 3.585 3.585 3.595 3.585 3.605]"
52,3.515669283890633,3.4207017085706095,1.1,1.1,"[2.775 2.865 3.055 3.175 3.275 3.365 3.425 3.505 3.615 3.615 3.615 3.695
 3.725 3.695 3.685 3.645 3.625 3.615 3.625 3.625 3.615 3.615 3.615 3.615
 3.625 3.605 3.615 3.665 3.645 3.635]","[2.655 2.725 2.825 2.915 3.095 3.185 3.235 3.305 3.435 3.505 3.555 3.585
 3.605 3.595 3.595 3.585 3.575 3.575 3.575 3.575 3.585 3.585 3.585 3.585
 3.585 3.585 3.595 3.585 3.605 3.635]"
53,3.5432717546029138,3.454238496727043,0.2,1.1,"[2.865 3.055 3.175 3.275 3.365 3.425 3.505 3.615 3.615 3.615 3.695 3.725
 3.695 3.685 3.645 3.625 3.615 3.625 3.625 3.615 3.615 3.615 3.615 3.625
 3.605 3.615 3.665 3.645 3.635 3.605]","[2.725 2.825 2.915 3.095 3.185 3.235 3.305 3.435 3.505 3.555 3.585 3.605
 3.595 3.595 3.585 3.575 3.575 3.575 3.575 3.585 3.585 3.585 3.585 3.585
 3.585 3.595 3.585 3.605 3.635 3.655]"
54,3.567296322848092,3.486402660109408,0.2,0.5,"[3.055 3.175 3.275 3.365 3.425 3.505 3.615 3.615 3.615 3.695 3.725 3.695
 3.685 3.645 3.625 3.615 3.625 3.625 3.615 3.615 3.615 3.615 3.625 3.605
 3.615 3.665 3.645 3.635 3.605 3.585]","[2.825 2.915 3.095 3.185 3.235 3.305 3.435 3.505 3.555 3.585 3.605 3.595
 3.595 3.585 3.575 3.575 3.575 3.575 3.585 3.585 3.585 3.585 3.585 3.585
 3.595 3.585 3.605 3.635 3.655 3.695]"
55,3.583981651053266,3.5155907540853386,0.2,0.5,"[3.175 3.275 3.365 3.425 3.505 3.615 3.615 3.615 3.695 3.725 3.695 3.685
 3.645 3.625 3.615 3.625 3.625 3.615 3.615 3.615 3.615 3.625 3.605 3.615
 3.665 3.645 3.635 3.605 3.585 3.555]","[2.915 3.095 3.185 3.235 3.305 3.435 3.505 3.555 3.585 3.605 3.595 3.595
 3.585 3.575 3.575 3.575 3.575 3.585 3.585 3.585 3.585 3.585 3.585 3.595
 3.585 3.605 3.635 3.655 3.695 3.705]"
56,3.596413061582969,3.5440523099426295,1.1,0.5,"[3.275 3.365 3.425 3.505 3.615 3.615 3.615 3.695 3.725 3.695 3.685 3.645
 3.625 3.615 3.625 3.625 3.615 3.615 3.615 3.615 3.625 3.605 3.615 3.665
 3.645 3.635 3.605 3.585 3.555 3.555]","[3.095 3.185 3.235 3.305 3.435 3.505 3.555 3.585 3.605 3.595 3.595 3.585
 3.575 3.575 3.575 3.575 3.585 3.585 3.585 3.585 3.585 3.585 3.595 3.585
 3.605 3.635 3.655 3.695 3.705 3.765]"
57,3.605641446111704,3.567029159551188,0.2,0.5,"[3.365 3.425 3.505 3.615 3.615 3.615 3.695 3.725 3.695 3.685 3.645 3.625
 3.615 3.625 3.625 3.615 3.615 3.615 3.615 3.625 3.605 3.615 3.665 3.645
 3.635 3.605 3.585 3.555 3.555 3.545]","[3.185 3.235 3.305 3.435 3.505 3.555 3.585 3.605 3.595 3.595 3.585 3.575
 3.575 3.575 3.575 3.585 3.585 3.585 3.585 3.585 3.585 3.595 3.585 3.605
 3.635 3.655 3.695 3.705 3.765 3.775]"
58,3.6121390048966147,3.586925015867792,0.2,0.5,"[3.425 3.505 3.615 3.615 3.615 3.695 3.725 3.695 3.685 3.645 3.625 3.615
 3.625 3.625 3.615 3.615 3.615 3.615 3.625 3.605 3.615 3.665 3.645 3.635
 3.605 3.585 3.555 3.555 3.545 3.565]","[3.235 3.305 3.435 3.505 3.555 3.585 3.605 3.595 3.595 3.585 3.575 3.575
 3.575 3.575 3.585 3.585 3.585 3.585 3.585 3.585 3.595 3.585 3.605 3.635
 3.655 3.695 3.705 3.765 3.775 3.785]"
59,3.6171672818811507,3.6059787148014584,0.2,0.5,"[3.505 3.615 3.615 3.615 3.695 3.725 3.695 3.685 3.645 3.625 3.615 3.625
 3.625 3.615 3.615 3.615 3.615 3.625 3.605 3.615 3.665 3.645 3.635 3.605
 3.585 3.555 3.555 3.545 3.565 3.575]","[3.305 3.435 3.505 3.555 3.585 3.605 3.595 3.595 3.585 3.575 3.575 3.575
 3.575 3.585 3.585 3.585 3.585 3.585 3.585 3.595 3.585 3.605 3.635 3.655
 3.695 3.705 3.765 3.775 3.785 3.815]"
60,3.619590972791768,3.6237941405521963,0.6,0.5,"[3.615 3.615 3.615 3.695 3.725 3.695 3.685 3.645 3.625 3.615 3.625 3.625
 3.615 3.615 3.615 3.615 3.625 3.605 3.615 3.665 3.645 3.635 3.605 3.585
 3.555 3.555 3.545 3.565 3.575 3.565]","[3.435 3.505 3.555 3.585 3.605 3.595 3.595 3.585 3.575 3.575 3.575 3.575
 3.585 3.585 3.585 3.585 3.585 3.585 3.595 3.585 3.605 3.635 3.655 3.695
 3.705 3.765 3.775 3.785 3.815 3.835]"
61,3.618332674239331,3.638157715402256,0.2,0.5,"[3.615 3.615 3.695 3.725 3.695 3.685 3.645 3.625 3.615 3.625 3.625 3.615
 3.615 3.615 3.615 3.625 3.605 3.615 3.665 3.645 3.635 3.605 3.585 3.555
 3.555 3.545 3.565 3.575 3.565 3.585]","[3.505 3.555 3.585 3.605 3.595 3.595 3.585 3.575 3.575 3.575 3.575 3.585
 3.585 3.585 3.585 3.585 3.585 3.595 3.585 3.605 3.635 3.655 3.695 3.705
 3.765 3.775 3.785 3.815 3.835 3.865]"
62,3.618170878530597,3.6511967589320142,0.2,0.5,"[3.615 3.695 3.725 3.695 3.685 3.645 3.625 3.615 3.625 3.625 3.615 3.615
 3.615 3.615 3.625 3.605 3.615 3.665 3.645 3.635 3.605 3.585 3.555 3.555
 3.545 3.565 3.575 3.565 3.585 3.615]","[3.555 3.585 3.605 3.595 3.595 3.585 3.575 3.575 3.575 3.575 3.585 3.585
 3.585 3.585 3.585 3.585 3.595 3.585 3.605 3.635 3.655 3.695 3.705 3.765
 3.775 3.785 3.815 3.835 3.865 3.895]"
63,3.6189274350995495,3.663500330707857,0.2,0.5,"[3.695 3.725 3.695 3.685 3.645 3.625 3.615 3.625 3.625 3.615 3.615 3.615
 3.615 3.625 3.605 3.615 3.665 3.645 3.635 3.605 3.585 3.555 3.555 3.545
 3.565 3.575 3.565 3.585 3.615 3.635]","[3.585 3.605 3.595 3.595 3.585 3.575 3.575 3.575 3.575 3.585 3.585 3.585
 3.585 3.585 3.585 3.595 3.585 3.605 3.635 3.655 3.695 3.705 3.765 3.775
 3.785 3.815 3.835 3.865 3.895 3.925]"
64,3.6176703133410473,3.6753688815570045,0.2,0.5,"[3.725 3.695 3.685 3.645 3.625 3.615 3.625 3.625 3.615 3.615 3.615 3.615
 3.625 3.605 3.615 3.665 3.645 3.635 3.605 3.585 3.555 3.555 3.545 3.565
 3.575 3.565 3.585 3.615 3.635 3.655]","[3.605 3.595 3.595 3.585 3.575 3.575 3.575 3.575 3.585 3.585 3.585 3.585
 3.585 3.585 3.595 3.585 3.605 3.635 3.655 3.695 3.705 3.765 3.775 3.785
 3.815 3.835 3.865 3.895 3.925 3.935]"
65,3.615945318115737,3.6875542796133844,0.2,0.5,"[3.695 3.685 3.645 3.625 3.615 3.625 3.625 3.615 3.615 3.615 3.615 3.625
 3.605 3.615 3.665 3.645 3.635 3.605 3.585 3.555 3.555 3.545 3.565 3.575
 3.565 3.585 3.615 3.635 3.655 3.675]","[3.595 3.595 3.585 3.575 3.575 3.575 3.575 3.585 3.585 3.585 3.585 3.585
 3.585 3.595 3.585 3.605 3.635 3.655 3.695 3.705 3.765 3.775 3.785 3.815
 3.835 3.865 3.895 3.925 3.935 3.975]"
66,3.6163354587688366,3.7004078466225,0.2,0.5,"[3.685 3.645 3.625 3.615 3.625 3.625 3.615 3.615 3.615 3.615 3.625 3.605
 3.615 3.665 3.645 3.635 3.605 3.585 3.555 3.555 3.545 3.565 3.575 3.565
 3.585 3.615 3.635 3.655 3.675 3.705]","[3.595 3.585 3.575 3.575 3.575 3.575 3.585 3.585 3.585 3.585 3.585 3.585
 3.595 3.585 3.605 3.635 3.655 3.695 3.705 3.765 3.775 3.785 3.815 3.835
 3.865 3.895 3.925 3.935 3.975 3.975]"
67,3.617055264014108,3.713686104519395,0.2,0.5,"[3.645 3.625 3.615 3.625 3.625 3.615 3.615 3.615 3.615 3.625 3.605 3.615
 3.665 3.645 3.635 3.605 3.585 3.555 3.555 3.545 3.565 3.575 3.565 3.585
 3.615 3.635 3.655 3.675 3.705 3.705]","[3.585 3.575 3.575 3.575 3.575 3.585 3.585 3.585 3.585 3.585 3.585 3.595
 3.585 3.605 3.635 3.655 3.695 3.705 3.765 3.775 3.785 3.815 3.835 3.865
 3.895 3.925 3.935 3.975 3.975 3.995]"
68,3.6193529797339066,3.7270465021460932,0.2,0.5,"[3.625 3.615 3.625 3.625 3.615 3.615 3.615 3.615 3.625 3.605 3.615 3.665
 3.645 3.635 3.605 3.585 3.555 3.555 3.545 3.565 3.575 3.565 3.585 3.615
 3.635 3.655 3.675 3.705 3.705 3.715]","[3.575 3.575 3.575 3.575 3.585 3.585 3.585 3.585 3.585 3.585 3.595 3.585
 3.605 3.635 3.655 3.695 3.705 3.765 3.775 3.785 3.815 3.835 3.865 3.895
 3.925 3.935 3.975 3.975 3.995 3.985]"
69,3.622603416784526,3.7410054170988563,0.2,0.5,"[3.615 3.625 3.625 3.615 3.615 3.615 3.615 3.625 3.605 3.615 3.665 3.645
 3.635 3.605 3.585 3.555 3.555 3.545 3.565 3.575 3.565 3.585 3.615 3.635
 3.655 3.675 3.705 3.705 3.715 3.725]","[3.575 3.575 3.575 3.585 3.585 3.585 3.585 3.585 3.585 3.595 3.585 3.605
 3.635 3.655 3.695 3.705 3.765 3.775 3.785 3.815 3.835 3.865 3.895 3.925
 3.935 3.975 3.975 3.995 3.985 3.995]"
70,3.627294643589953,3.7546909504229418,0.2,0.5,"[3.625 3.625 3.615 3.615 3.615 3.615 3.625 3.605 3.615 3.665 3.645 3.635
 3.605 3.585 3.555 3.555 3.545 3.565 3.575 3.565 3.585 3.615 3.635 3.655
 3.675 3.705 3.705 3.715 3.725 3.755]","[3.575 3.575 3.585 3.585 3.585 3.585 3.585 3.585 3.595 3.585 3.605 3.635
 3.655 3.695 3.705 3.765 3.775 3.785 3.815 3.835 3.865 3.895 3.925 3.935
 3.975 3.975 3.995 3.985 3.995 3.985]"
71,3.631715732771382,3.7683035039622266,0.2,0.5,"[3.625 3.615 3.615 3.615 3.615 3.625 3.605 3.615 3.665 3.645 3.635 3.605
 3.585 3.555 3.555 3.545 3.565 3.575 3.565 3.585 3.615 3.635 3.655 3.675
 3.705 3.705 3.715 3.725 3.755 3.755]","[3.575 3.585 3.585 3.585 3.585 3.585 3.585 3.595 3.585 3.605 3.635 3.655
 3.695 3.705 3.765 3.775 3.785 3.815 3.835 3.865 3.895 3.925 3.935 3.975
 3.975 3.995 3.985 3.995 3.985 3.985]"
72,3.635708302116955,3.782271274405256,0.2,0.5,"[3.615 3.615 3.615 3.615 3.625 3.605 3.615 3.665 3.645 3.635 3.605 3.585
 3.555 3.555 3.545 3.565 3.575 3.565 3.585 3.615 3.635 3.655 3.675 3.705
 3.705 3.715 3.725 3.755 3.755 3.745]","[3.585 3.585 3.585 3.585 3.585 3.585 3.595 3.585 3.605 3.635 3.655 3.695
 3.705 3.765 3.775 3.785 3.815 3.835 3.865 3.895 3.925 3.935 3.975 3.975
 3.995 3.985 3.995 3.985 3.985 3.995]"
73,3.6406562088617216,3.795990502838805,0.2,0.5,"[3.615 3.615 3.615 3.625 3.605 3.615 3.665 3.645 3.635 3.605 3.585 3.555
 3.555 3.545 3.565 3.575 3.565 3.585 3.615 3.635 3.655 3.675 3.705 3.705
 3.715 3.725 3.755 3.755 3.745 3.765]","[3.585 3.585 3.585 3.585 3.585 3.595 3.585 3.605 3.635 3.655 3.695 3.705
 3.765 3.775 3.785 3.815 3.835 3.865 3.895 3.925 3.935 3.975 3.975 3.995
 3.985 3.995 3.985 3.985 3.995 3.995]"
74,3.6449884102772314,3.8094091961553667,0.2,0.5,"[3.615 3.615 3.625 3.605 3.615 3.665 3.645 3.635 3.605 3.585 3.555 3.555
 3.545 3.565 3.575 3.565 3.585 3.615 3.635 3.655 3.675 3.705 3.705 3.715
 3.725 3.755 3.755 3.745 3.765 3.745]","[3.585 3.585 3.585 3.585 3.595 3.585 3.605 3.635 3.655 3.695 3.705 3.765
 3.775 3.785 3.815 3.835 3.865 3.895 3.925 3.935 3.975 3.975 3.995 3.985
 3.995 3.985 3.985 3.995 3.995 3.985]"
75,3.648349344654802,3.822969532592207,0.2,0.5,"[3.615 3.625 3.605 3.615 3.665 3.645 3.635 3.605 3.585 3.555 3.555 3.545
 3.565 3.575 3.565 3.585 3.615 3.635 3.655 3.675 3.705 3.705 3.715 3.725
 3.755 3.755 3.745 3.765 3.745 3.715]","[3.585 3.585 3.585 3.595 3.585 3.605 3.635 3.655 3.695 3.705 3.765 3.775
 3.785 3.815 3.835 3.865 3.895 3.925 3.935 3.975 3.975 3.995 3.985 3.995
 3.985 3.985 3.995 3.995 3.985 3.995]"
76,3.651544578462844,3.836310801244473,1.1,1.1,"[3.625 3.605 3.615 3.665 3.645 3.635 3.605 3.585 3.555 3.555 3.545 3.565
 3.575 3.565 3.585 3.615 3.635 3.655 3.675 3.705 3.705 3.715 3.725 3.755
 3.755 3.745 3.765 3.745 3.715 3.705]","[3.585 3.585 3.595 3.585 3.605 3.635 3.655 3.695 3.705 3.765 3.775 3.785
 3.815 3.835 3.865 3.895 3.925 3.935 3.975 3.975 3.995 3.985 3.995 3.985
 3.985 3.995 3.995 3.985 3.995 3.985]"
77,3.6538903228762902,3.849731136868899,1.1,0.5,"[3.605 3.615 3.665 3.645 3.635 3.605 3.585 3.555 3.555 3.545 3.565 3.575
 3.565 3.585 3.615 3.635 3.655 3.675 3.705 3.705 3.715 3.725 3.755 3.755
 3.745 3.765 3.745 3.715 3.705]","[3.585 3.595 3.585 3.605 3.635 3.655 3.695 3.705 3.765 3.775 3.785 3.815
 3.835 3.865 3.895 3.925 3.935 3.975 3.975 3.995 3.985 3.995 3.985 3.985
 3.995 3.995 3.985 3.995 3.985]"
78,3.6538750086969927,3.8543804803772823,0.2,0.5,"[3.615 3.665 3.645 3.635 3.605 3.585 3.555 3.555 3.545 3.565 3.575 3.565
 3.585 3.615 3.635 3.655 3.675 3.705 3.705 3.715 3.725 3.755 3.755 3.745
 3.765 3.745 3.715 3.705]","[3.595 3.585 3.605 3.635 3.655 3.695 3.705 3.765 3.775 3.785 3.815 3.835
 3.865 3.895 3.925 3.935 3.975 3.975 3.995 3.985 3.995 3.985 3.985 3.995
 3.995 3.985 3.995 3.985]"
79,3.6571576601454545,3.8682436855718634,0.2,1.1,"[3.665 3.645 3.635 3.605 3.585 3.555 3.555 3.545 3.565 3.575 3.565 3.585
 3.615 3.635 3.655 3.675 3.705 3.705 3.715 3.725 3.755 3.755 3.745 3.765
 3.745 3.715 3.705]","[3.585 3.605 3.635 3.655 3.695 3.705 3.765 3.775 3.785 3.815 3.835 3.865
 3.895 3.925 3.935 3.975 3.975 3.995 3.985 3.995 3.985 3.985 3.995 3.995
 3.985 3.995 3.985]"
80,3.654984963335226,3.874554692047426,0.2,0.5,"[3.645 3.635 3.605 3.585 3.555 3.555 3.545 3.565 3.575 3.565 3.585 3.615
 3.635 3.655 3.675 3.705 3.705 3.715 3.725 3.755 3.755 3.745 3.765 3.745
 3.715 3.705]","[3.605 3.635 3.655 3.695 3.705 3.765 3.775 3.785 3.815 3.835 3.865 3.895
 3.925 3.935 3.975 3.975 3.995 3.985 3.995 3.985 3.985 3.995 3.995 3.985
 3.995 3.985]"
81,3.6573246571622606,3.8892385799825706,0.2,0.5,"[3.635 3.605 3.585 3.555 3.555 3.545 3.565 3.575 3.565 3.585 3.615 3.635
 3.655 3.675 3.705 3.705 3.715 3.725 3.755 3.755 3.745 3.765 3.745 3.715
 3.705]","[3.635 3.655 3.695 3.705 3.765 3.775 3.785 3.815 3.835 3.865 3.895 3.925
 3.935 3.975 3.975 3.995 3.985 3.995 3.985 3.985 3.995 3.995 3.985 3.995
 3.985]"
82,3.656290601457318,3.89579937628976,0.2,1.1,"[3.605 3.585 3.555 3.555 3.545 3.565 3.575 3.565 3.585 3.615 3.635 3.655
 3.675 3.705 3.705 3.715 3.725 3.755 3.755 3.745 3.765 3.745 3.715 3.705]","[3.655 3.695 3.705 3.765 3.775 3.785 3.815 3.835 3.865 3.895 3.925 3.935
 3.975 3.975 3.995 3.985 3.995 3.985 3.985 3.995 3.995 3.985 3.995 3.985]"
83,3.6604342551509195,3.9096738987452873,0.2,0.5,"[3.585 3.555 3.555 3.545 3.565 3.575 3.565 3.585 3.615 3.635 3.655 3.675
 3.705 3.705 3.715 3.725 3.755 3.755 3.745 3.765 3.745 3.715 3.705]","[3.695 3.705 3.765 3.775 3.785 3.815 3.835 3.865 3.895 3.925 3.935 3.975
 3.975 3.995 3.985 3.995 3.985 3.985 3.995 3.995 3.985 3.995 3.985]"
84,3.6618946266581998,3.9155867899057615,1.1,1.1,"[3.555 3.555 3.545 3.565 3.575 3.565 3.585 3.615 3.635 3.655 3.675 3.705
 3.705 3.715 3.725 3.755 3.755 3.745 3.765 3.745 3.715 3.705]","[3.705 3.765 3.775 3.785 3.815 3.835 3.865 3.895 3.925 3.935 3.975 3.975
 3.995 3.985 3.995 3.985 3.985 3.995 3.995 3.985 3.995 3.985]"
85,3.6669047619047617,3.9259523809523813,0.2,0.5,"[3.555 3.545 3.565 3.575 3.565 3.585 3.615 3.635 3.655 3.675 3.705 3.705
 3.715 3.725 3.755 3.755 3.745 3.765 3.745 3.715 3.705]","[3.765 3.775 3.785 3.815 3.835 3.865 3.895 3.925 3.935 3.975 3.975 3.995
 3.985 3.995 3.985 3.985 3.995 3.995 3.985 3.995 3.985]"
86,3.6725000000000003,3.934,1.1,0.5,"[3.545 3.565 3.575 3.565 3.585 3.615 3.635 3.655 3.675 3.705 3.705 3.715
 3.725 3.755 3.755 3.745 3.765 3.745 3.715 3.705]","[3.775 3.785 3.815 3.835 3.865 3.895 3.925 3.935 3.975 3.975 3.995 3.985
 3.995 3.985 3.985 3.995 3.995 3.985 3.995 3.985]"
87,3.6792105263157895,3.9423684210526315,0.2,0.5,"[3.565 3.575 3.565 3.585 3.615 3.635 3.655 3.675 3.705 3.705 3.715 3.725
 3.755 3.755 3.745 3.765 3.745 3.715 3.705]","[3.785 3.815 3.835 3.865 3.895 3.925 3.935 3.975 3.975 3.995 3.985 3.995
 3.985 3.985 3.995 3.995 3.985 3.995 3.985]"
88,3.6855555555555557,3.9511111111111115,0.2,1.1,"[3.575 3.565 3.585 3.615 3.635 3.655 3.675 3.705 3.705 3.715 3.725 3.755
 3.755 3.745 3.765 3.745 3.715 3.705]","[3.815 3.835 3.865 3.895 3.925 3.935 3.975 3.975 3.995 3.985 3.995 3.985
 3.985 3.995 3.995 3.985 3.995 3.985]"
89,3.6920588235294116,3.959117647058824,0.2,1.1,"[3.565 3.585 3.615 3.635 3.655 3.675 3.705 3.705 3.715 3.725 3.755 3.755
 3.745 3.765 3.745 3.715 3.705]","[3.835 3.865 3.895 3.925 3.935 3.975 3.975 3.995 3.985 3.995 3.985 3.985
 3.995 3.995 3.985 3.995 3.985]"
90,3.7,3.966875,0.2,0.5,"[3.585 3.615 3.635 3.655 3.675 3.705 3.705 3.715 3.725 3.755 3.755 3.745
 3.765 3.745 3.715 3.705]","[3.865 3.895 3.925 3.935 3.975 3.975 3.995 3.985 3.995 3.985 3.985 3.995
 3.995 3.985 3.995 3.985]"
91,3.7076666666666664,3.973666666666666,0.2,0.5,"[3.615 3.635 3.655 3.675 3.705 3.705 3.715 3.725 3.755 3.755 3.745 3.765
 3.745 3.715 3.705]","[3.895 3.925 3.935 3.975 3.975 3.995 3.985 3.995 3.985 3.985 3.995 3.995
 3.985 3.995 3.985]"
92,3.7142857142857144,3.9792857142857136,0.2,0.5,"[3.635 3.655 3.675 3.705 3.705 3.715 3.725 3.755 3.755 3.745 3.765 3.745
 3.715 3.705]","[3.925 3.935 3.975 3.975 3.995 3.985 3.995 3.985 3.985 3.995 3.995 3.985
 3.995 3.985]"
93,3.720384615384615,3.9834615384615377,0.2,0.5,"[3.655 3.675 3.705 3.705 3.715 3.725 3.755 3.755 3.745 3.765 3.745 3.715
 3.705]","[3.935 3.975 3.975 3.995 3.985 3.995 3.985 3.985 3.995 3.995 3.985 3.995
 3.985]"
94,3.7258333333333327,3.9874999999999994,0.2,1.1,[3.675 3.705 3.705 3.715 3.725 3.755 3.755 3.745 3.765 3.745 3.715 3.705],[3.975 3.975 3.995 3.985 3.995 3.985 3.985 3.995 3.995 3.985 3.995 3.985]
95,3.730454545454545,3.9886363636363638,0.2,0.5,[3.705 3.705 3.715 3.725 3.755 3.755 3.745 3.765 3.745 3.715 3.705],[3.975 3.995 3.985 3.995 3.985 3.985 3.995 3.995 3.985 3.995 3.985]
96,3.7329999999999997,3.9899999999999998,0.2,0.5,[3.705 3.715 3.725 3.755 3.755 3.745 3.765 3.745 3.715 3.705],[3.995 3.985 3.995 3.985 3.985 3.995 3.995 3.985 3.995 3.985]
97,3.736111111111111,3.9894444444444446,0.2,1.1,[3.715 3.725 3.755 3.755 3.745 3.765 3.745 3.715 3.705],[3.985 3.995 3.985 3.985 3.995 3.995 3.985 3.995 3.985]
98,3.73875,3.99,0.2,0.5,[3.725 3.755 3.755 3.745 3.765 3.745 3.715 3.705],[3.995 3.985 3.985 3.995 3.995 3.985 3.995 3.985]
99,3.740714285714286,3.9892857142857143,0.2,0.5,[3.755 3.755 3.745 3.765 3.745 3.715 3.705],[3.985 3.985 3.995 3.995 3.985 3.995 3.985]
100,3.7383333333333333,3.99,0.2,0.5,[3.755 3.745 3.765 3.745 3.715 3.705],[3.985 3.995 3.995 3.985 3.995 3.985]
101,3.7349999999999994,3.9909999999999997,1.1,1.1,[3.745 3.765 3.745 3.715 3.705],[3.995 3.995 3.985 3.995 3.985]
102,3.7325,3.99,0.2,0.5,[3.765 3.745 3.715 3.705],[3.995 3.985 3.995 3.985]
103,3.7216666666666662,3.9883333333333333,0.2,0.5,[3.745 3.715 3.705],[3.985 3.995 3.985]
104,3.71,3.99,0.2,0.5,[3.715 3.705],[3.995 3.985]
105,3.705,3.985,0.2,0.5,[3.705],[3.985]
